County,AGRITRSM_OPS07,AGRITRSM_OPS12,AGRITRSM_RCT07,AGRITRSM_RCT12,BERRY_ACRES07,BERRY_ACRES12,BERRY_ACRESPTH07,BERRY_ACRESPTH12,BERRY_FARMS07,BERRY_FARMS12,CACFP_PART_2012,CACFP_PART_2013,CACFP_PART_2014,CACFP_PART_2015,CACFP_PART_2016,CACFP_PART_2017,CACFP_PART_2018,CHILDPOVRATE15,CHIPSTAX_STORES14,CHIPSTAX_VENDM14,CH_FOODINSEC_14_17,CH_VLFOODSEC_14_17,CONVS11,CONVS16,CONVSPTH11,CONVSPTH16,CSA07,CSA12,DIRSALES07,DIRSALES12,DIRSALES_FARMS07,DIRSALES_FARMS12,FARM_TO_SCHOOL13,FARM_TO_SCHOOL15,FDPIR12,FDPIR15,FFR11,FFR16,FFRPTH11,FFRPTH16,FMRKT13,FMRKT18,FMRKTPTH13,FMRKTPTH18,FMRKT_ANMLPROD18,FMRKT_BAKED18,FMRKT_CREDIT18,FMRKT_FRVEG18,FMRKT_OTHERFOOD18,FMRKT_SFMNP18,FMRKT_SNAP18,FMRKT_WIC18,FMRKT_WICCASH18,FOODHUB18,FOODINSEC_12_14,FOODINSEC_15_17,FOOD_BANKS18,FOOD_TAX14,FRESHVEG_ACRES07,FRESHVEG_ACRES12,FRESHVEG_ACRESPTH07,FRESHVEG_ACRESPTH12,FRESHVEG_FARMS07,FRESHVEG_FARMS12,FSR11,FSR16,FSRPTH11,FSRPTH16,GHVEG_FARMS07,GHVEG_FARMS12,GHVEG_SQFT07,GHVEG_SQFT12,GHVEG_SQFTPTH07,GHVEG_SQFTPTH12,GROC11,GROC16,GROCPTH11,GROCPTH16,LACCESS_BLACK15,LACCESS_CHILD10,LACCESS_CHILD15,LACCESS_CHILD_10_15,LACCESS_HHNV10,LACCESS_HHNV15,LACCESS_HISP15,LACCESS_LOWI10,LACCESS_LOWI15,LACCESS_MULTIR15,LACCESS_NHASIAN15,LACCESS_NHNA15,LACCESS_NHPI15,LACCESS_POP10,LACCESS_POP15,LACCESS_SENIORS10,LACCESS_SENIORS15,LACCESS_SNAP15,LACCESS_WHITE15,MEDHHINC15,METRO13,NSLP_PART_2012,NSLP_PART_2013,NSLP_PART_2014,NSLP_PART_2015,NSLP_PART_2016,NSLP_PART_2017,NSLP_PART_2018,ORCHARD_ACRES07,ORCHARD_ACRES12,ORCHARD_ACRESPTH07,ORCHARD_ACRESPTH12,ORCHARD_FARMS07,ORCHARD_FARMS12,PCH_AGRITRSM_OPS_07_12,PCH_AGRITRSM_RCT_07_12,PCH_BERRY_ACRESPTH_07_12,PCH_BERRY_ACRES_07_12,PCH_BERRY_FARMS_07_12,PCH_CACFP_12_17,PCH_CONVSPTH_11_16,PCH_CONVS_11_16,PCH_CSA_07_12,PCH_DIRSALES_07_12,PCH_DIRSALES_FARMS_07_12,PCH_FDPIR_12_15,PCH_FFRPTH_11_16,PCH_FFR_11_16,PCH_FMRKTPTH_13_18,PCH_FMRKT_13_18,PCH_FRESHVEG_ACRESPTH_07_12,PCH_FRESHVEG_ACRES_07_12,PCH_FRESHVEG_FARMS_07_12,PCH_FSRPTH_11_16,PCH_FSR_11_16,PCH_GHVEG_FARMS_07_12,PCH_GHVEG_SQFTPTH_07_12,PCH_GHVEG_SQFT_07_12,PCH_GROCPTH_11_16,PCH_GROC_11_16,PCH_LACCESS_HHNV_10_15,PCH_LACCESS_LOWI_10_15,PCH_LACCESS_POP_10_15,PCH_LACCESS_SENIORS_10_15,PCH_NSLP_12_17,PCH_ORCHARD_ACRESPTH_07_12,PCH_ORCHARD_ACRES_07_12,PCH_ORCHARD_FARMS_07_12,PCH_PC_DIRSALES_07_12,PCH_PC_SNAPBEN_12_17,PCH_PC_WIC_REDEMP_11_16,PCH_RECFACPTH_11_16,PCH_RECFAC_11_16,PCH_REDEMP_SNAPS_12_17,PCH_REDEMP_WICS_11_16,PCH_SBP_12_17,PCH_SFSP_12_17,PCH_SLHOUSE_07_12,PCH_SNAPSPTH_12_17,PCH_SNAPS_12_17,PCH_SNAP_12_17,PCH_SPECSPTH_11_16,PCH_SPECS_11_16,PCH_SUPERCPTH_11_16,PCH_SUPERC_11_16,PCH_VEG_ACRESPTH_07_12,PCH_VEG_ACRES_07_12,PCH_VEG_FARMS_07_12,PCH_WICINFANTCHILD_14_16,PCH_WICSPTH_11_16,PCH_WICS_11_16,PCH_WICWOMEN_14_16,PCH_WIC_12_17,PCT_18YOUNGER10,PCT_65OLDER10,PCT_CACFP12,PCT_CACFP17,PCT_DIABETES_ADULTS08,PCT_DIABETES_ADULTS13,PCT_FMRKT_ANMLPROD18,PCT_FMRKT_BAKED18,PCT_FMRKT_CREDIT18,PCT_FMRKT_FRVEG18,PCT_FMRKT_OTHERFOOD18,PCT_FMRKT_SFMNP18,PCT_FMRKT_SNAP18,PCT_FMRKT_WIC18,PCT_FMRKT_WICCASH18,PCT_FREE_LUNCH10,PCT_FREE_LUNCH15,PCT_HISP10,PCT_HSPA17,PCT_LACCESS_BLACK15,PCT_LACCESS_CHILD10,PCT_LACCESS_CHILD15,PCT_LACCESS_HHNV10,PCT_LACCESS_HHNV15,PCT_LACCESS_HISP15,PCT_LACCESS_LOWI10,PCT_LACCESS_LOWI15,PCT_LACCESS_MULTIR15,PCT_LACCESS_NHASIAN15,PCT_LACCESS_NHNA15,PCT_LACCESS_NHPI15,PCT_LACCESS_POP10,PCT_LACCESS_POP15,PCT_LACCESS_SENIORS10,PCT_LACCESS_SENIORS15,PCT_LACCESS_SNAP15,PCT_LACCESS_WHITE15,PCT_LOCLFARM07,PCT_LOCLFARM12,PCT_LOCLSALE07,PCT_LOCLSALE12,PCT_NHASIAN10,PCT_NHBLACK10,PCT_NHNA10,PCT_NHPI10,PCT_NHWHITE10,PCT_NSLP12,PCT_NSLP17,PCT_OBESE_ADULTS12,PCT_OBESE_ADULTS17,PCT_REDUCED_LUNCH10,PCT_REDUCED_LUNCH15,PCT_SBP12,PCT_SBP17,PCT_SFSP12,PCT_SFSP17,PCT_SNAP12,PCT_SNAP17,PCT_WIC12,PCT_WIC17,PCT_WICINFANTCHILD14,PCT_WICINFANTCHILD16,PCT_WICWOMEN14,PCT_WICWOMEN16,PC_DIRSALES07,PC_DIRSALES12,PC_FFRSALES07,PC_FFRSALES12,PC_FSRSALES07,PC_FSRSALES12,PC_SNAPBEN12,PC_SNAPBEN17,PC_WIC_REDEMP11,PC_WIC_REDEMP16,PERCHLDPOV10,PERPOV10,POPLOSS10,POVRATE15,RECFAC11,RECFAC16,RECFACPTH11,RECFACPTH16,REDEMP_SNAPS12,REDEMP_SNAPS17,REDEMP_WICS11,REDEMP_WICS16,SBP_PART_2012,SBP_PART_2013,SBP_PART_2014,SBP_PART_2015,SBP_PART_2016,SBP_PART_2017,SBP_PART_2018,SFSP_PART_2012,SFSP_PART_2013,SFSP_PART_2014,SFSP_PART_2015,SFSP_PART_2016,SFSP_PART_2017,SFSP_PART_2018,SLHOUSE07,SLHOUSE12,SNAPS12,SNAPS17,SNAPSPTH12,SNAPSPTH17,SNAP_BBCE09,SNAP_BBCE16,SNAP_CAP09,SNAP_CAP16,SNAP_OAPP09,SNAP_OAPP16,SNAP_PART_RATE11,SNAP_PART_RATE16,SNAP_REPORTSIMPLE09,SNAP_REPORTSIMPLE16,SODATAX_STORES14,SODATAX_VENDM14,SPECS11,SPECS16,SPECSPTH11,SPECSPTH16,SUPERC11,SUPERC16,SUPERCPTH11,SUPERCPTH16,State_Population_2012,State_Population_2013,State_Population_2014,State_Population_2015,State_Population_2016,State_Population_2017,State_Population_2018,VEG_ACRES07,VEG_ACRES12,VEG_ACRESPTH07,VEG_ACRESPTH12,VEG_FARMS07,VEG_FARMS12,VLFOODSEC_12_14,VLFOODSEC_15_17,WICS11,WICS16,WICSPTH11,WICSPTH16,WIC_PART_2012,WIC_PART_2013,WIC_PART_2014,WIC_PART_2015,WIC_PART_2016,WIC_PART_2017,WIC_PART_2018
Fresno,15.0,39.0,442000.0,743000.0,559.0,603.0,0.623930584,0.636268575,43.0,43.0,,,,,,,,36.3,0.0,6.5,-2.3,-1.0,282.0,305.0,0.29988515,0.311372551,59.0,41.0,17170.0,18037.0,378.0,383.0,1.0,1.0,3.0,3.0,569.0,634.0,0.605087413,0.647246548,16.0,15.0,0.016806211,0.015084473,3.0,4.0,6.0,5.0,5.0,2.0,2.0,1.0,2.0,,13.5,11.2,1.0,0.0,73924.0,66448.0,82.51063417,70.11405352,396.0,434.0,490.0,519.0,0.521077034,0.529843783,14.0,24.0,75520.0,172843.0,84.29201737,182.3790536,233.0,257.0,0.247777447,0.262369657,5818.021652,35399.4335,25088.61543,-29.12707084,3603.367863,2919.663928,38599.15068,50728.91356,38725.29228,21349.73475,10923.18257,1611.222947,127.143185,113631.6693,85484.37484,10177.53379,7910.702282,4336.583279,45655.06967,46608.0,1.0,,,,,,,,471825.0,529516.0,526.6297815,558.7303329,4008.0,3753.0,160.0,68.09954751,1.977462109,7.871198569,0.0,0.608203302,3.830599894,8.156028369,-30.50847458,5.04950495,1.322751323,0.0,6.967445296,11.42355009,-10.24465179,-6.25,-15.02422176,-10.11308912,9.595959596,1.6824285,5.918367347,71.42857143,116.3657476,128.8704979,5.88924079,10.30042919,-18.97402544,-23.66228732,-24.77064241,-22.27289596,-1.224105658,6.095468312,12.22720288,-6.362275449,-0.690063217,-4.630908489,-10.85349178,52.61657911,58.97435897,-5.747594557,21.58198357,5.211209895,0.750508727,-28.57142857,-6.625020042,-2.550740538,-0.026301647,-8.986300642,-5.194805195,92.00150276,100.0,-5.463679405,10.65298518,0.894454383,-5.389020629,-26.6778717,-23.6749115,-0.508513947,-1.140727116,29.8250309,10.04041055,0.954604126,1.562807428,8.5,9.4,20.0,26.66666603,40.0,33.33333206,33.33333206,13.33333302,13.33333302,6.666666508,13.33333302,59.82027315,60.53815929,50.30576603,27.5,0.625291166,3.804549788,2.696395876,1.245155469,1.008899353,4.148439,5.452083783,4.161996053,2.294560132,1.173967711,0.173165989,0.013664698,12.21254977,9.187422735,1.0938292,0.850201761,1.498520438,4.906773032,6.216082881,6.739398205,0.460254343,0.362695582,9.334837982,4.836906873,0.642592294,0.11456822,32.72846472,49.79195707,48.56785141,25.0,25.1,8.210413434,13.55622156,20.87274236,26.08395225,1.548947185,2.299455912,10.42694431,10.40064266,3.872979346,2.73225223,41.02250467,35.63348404,3.757710168,3.249196221,19.16437948,19.03213315,761.4471253,642.4874575,755.5875049,750.3186458,33.13835526,31.60374832,47.89310455,42.69503021,1.0,0.0,0.0,25.2,39.0,62.0,0.0414735,0.063295404,413425.085,389663.0874,158991.4063,193304.9063,,,,,,,,,,,,,,,7.0,5.0,911.5,888.25,0.961604397,0.897897913,1.0,1.0,0.0,0.0,0.5,1.0,54.917,71.944,0.0,1.0,6.5,6.5,77.0,73.0,0.081883534,0.074525233,5.0,10.0,0.00531711,0.0102089,,,,,,,,195401.0,176589.0,218.0977819,206.1816183,559.0,564.0,5.1,4.1,283.0,216.0,0.301230788,0.220868826,,,,,,,
Kern,11.0,27.0,594000.0,1091000.0,1112.0,1942.0,1.384322547,2.267166019,20.0,27.0,,,,,,,,31.3,0.0,6.5,-2.3,-1.0,248.0,284.0,0.292188551,0.320872774,12.0,12.0,5815.0,5940.0,105.0,134.0,1.0,1.0,1.0,1.0,528.0,603.0,0.622078851,0.681289728,20.0,16.0,0.023186874,0.01784193,3.0,3.0,2.0,3.0,3.0,3.0,3.0,3.0,0.0,,13.5,11.2,1.0,0.0,63543.0,60196.0,79.10432339,70.27514196,125.0,145.0,400.0,443.0,0.471271857,0.500516334,3.0,5.0,,235992.0,,275.5062014,181.0,187.0,0.213250515,0.211278904,7595.643605,35824.77417,33085.15316,-7.647280625,2713.254206,2932.191499,46628.00495,45375.13907,45135.65312,27444.52131,4318.154674,1592.524194,211.3011587,128065.3819,122097.2004,11291.31572,11329.67332,4323.865854,80935.05553,51150.0,1.0,,,,,,,,407208.0,450716.0,506.9309494,526.1833159,836.0,823.0,145.4545455,83.67003367,63.77440531,74.64028777,35.0,0.608203302,9.817024888,14.51612903,0.0,2.14961307,27.61904762,0.0,9.518226965,14.20454546,-23.05159378,-20.0,-11.1614398,-5.267299309,16.0,6.205436816,10.75,66.66666667,,,-0.924551665,3.314917127,8.069177326,-0.5277911,-4.660261366,0.339708852,-1.224105658,3.797828181,10.68446592,-1.555023923,-4.205997674,4.593343258,-8.357028961,12.26913984,17.07317073,-2.91306202,16.02296829,5.211209895,0.750508727,0.0,0.347861013,4.679955429,-0.026301647,-31.50245933,-28.57142857,91.79311389,100.0,-6.221864727,-5.504659611,21.01449275,-5.389020629,-21.01307678,-17.82608604,-0.508513947,-1.140727116,30.26103133,8.984542019,0.954604126,1.562807428,7.0,9.3,18.75,18.75,12.5,18.75,18.75,18.75,18.75,18.75,0.0,59.03601211,63.08969213,49.19220467,27.5,0.904640682,4.266728381,3.940439688,1.065651076,1.151640351,5.553392496,5.404176247,5.375653486,3.268640785,0.514291954,0.189669533,0.025165955,15.25257904,14.54176899,1.344795002,1.349363389,1.698230963,9.639360091,4.959848843,6.914344685,0.181483559,0.148537506,3.942207946,5.404397884,0.701855934,0.118504438,38.56384531,49.79195707,48.56785141,25.0,25.1,7.270128412,8.706262995,20.87274236,26.08395225,1.548947185,2.299455912,10.42694431,10.40064266,3.872979346,2.73225223,41.02250467,35.63348404,3.757710168,3.249196221,7.239060802,6.934586073,761.4471253,642.4874575,755.5875049,750.3186458,23.56705475,24.64957047,45.78793716,41.96142578,0.0,0.0,0.0,21.9,41.0,48.0,0.0483054,0.054232,360801.4355,350291.0659,168846.0,195900.1406,,,,,,,,,,,,,,,0.0,0.0,673.0833333,704.5833333,0.786167195,0.788901964,1.0,1.0,0.0,0.0,0.5,1.0,54.917,71.944,0.0,1.0,6.5,6.5,56.0,40.0,0.06597806,0.0451933,4.0,8.0,0.00471272,0.0090387,,,,,,,,83755.0,88634.0,104.2661285,97.77883107,138.0,167.0,5.1,4.1,230.0,189.0,0.271181643,0.214198038,,,,,,,
Kings,0.0,8.0,0.0,46000.0,32.0,22.0,0.212737668,0.145501683,5.0,21.0,,,,,,,,28.4,0.0,6.5,-2.3,-1.0,44.0,43.0,0.289416563,0.287055148,7.0,6.0,473.0,934.0,50.0,62.0,1.0,1.0,0.0,0.0,90.0,89.0,0.591988423,0.594137399,2.0,2.0,0.013296458,0.013213007,1.0,1.0,1.0,1.0,1.0,1.0,0.0,1.0,0.0,,13.5,11.2,0.0,0.0,4288.0,5319.0,28.50684749,35.17833877,30.0,29.0,46.0,45.0,0.302571861,0.30040655,4.0,3.0,,48000.0,,317.4582179,32.0,28.0,0.210484773,0.186919631,4021.967504,7155.504513,5994.817876,-16.22089169,460.3698802,379.826362,10571.98593,8628.900451,7442.08271,8583.709085,1271.17704,305.0184163,68.56586469,32733.48115,29477.34662,1478.142507,1264.664505,408.3912993,15226.9088,46440.0,1.0,,,,,,,,57435.0,77038.0,381.8308736,509.5072123,434.0,413.0,,,-31.60511505,-31.25,320.0,0.608203302,-0.815922397,-2.272727273,-14.28571429,97.46300211,24.0,0.0,0.363009792,-1.111111111,-0.627619445,0.0,23.40311841,24.04384328,-3.333333333,-0.71563516,-2.173913043,-25.0,,,-11.19565145,-12.5,-17.49539266,-13.75398579,-9.947412906,-14.44231535,-1.224105658,33.4379296,34.13075651,-4.838709677,96.44304454,1.239598513,0.529307008,-35.41501924,-36.36363636,-0.422223123,12.45003986,5.211209895,0.750508727,-33.33333333,-4.258097743,-5.056980057,-0.026301647,26.86335507,25.0,102.9813681,100.0,-0.516530975,16.82986761,-16.98113208,-5.389020629,-10.60092068,-12.0,-0.508513947,-1.140727116,27.81242238,7.863670236,0.954604126,1.562807428,5.7,7.5,50.0,50.0,50.0,50.0,50.0,50.0,0.0,50.0,0.0,57.45401397,58.78524946,50.89879855,27.5,2.62904623,4.677350612,3.918642635,1.116508331,0.921170815,6.91060774,5.640467801,4.864678661,5.610927485,0.830932423,0.199381899,0.044819564,21.39694941,19.2685065,0.966219887,0.826675364,0.990447698,9.953398961,4.428697963,5.871212121,0.034820121,0.051059568,3.489953066,6.741969643,0.847812161,0.149037142,35.21917611,49.79195707,48.56785141,25.0,25.1,7.824754028,9.573391179,20.87274236,26.08395225,1.548947185,2.299455912,10.42694431,10.40064266,3.872979346,2.73225223,41.02250467,35.63348404,3.757710168,3.249196221,3.144528653,6.177207823,761.4471253,642.4874575,755.5875049,750.3186458,20.81391335,21.0719223,37.19875336,37.39564896,0.0,0.0,0.0,22.4,11.0,7.0,0.072354141,0.0467299,348214.1457,346743.9051,225998.7813,254135.7188,,,,,,,,,,,,,,,3.0,2.0,117.0,111.0833333,0.772971116,0.74005725,1.0,1.0,0.0,0.0,0.5,1.0,54.917,71.944,0.0,1.0,6.5,6.5,4.0,5.0,0.0263106,0.0333785,1.0,2.0,0.00657765,0.0133514,,,,,,,,31856.0,27267.0,211.7803484,210.6864373,53.0,44.0,5.1,4.1,25.0,22.0,0.164597139,0.147148326,,,,,,,
Madera,6.0,16.0,546000.0,986000.0,23.0,95.0,0.157461987,0.624342797,9.0,12.0,,,,,,,,32.3,0.0,6.5,-2.3,-1.0,45.0,56.0,0.296294345,0.361369591,13.0,14.0,1734.0,1287.0,80.0,62.0,1.0,1.0,2.0,2.0,75.0,78.0,0.493823909,0.503336216,9.0,8.0,0.059417706,0.050738242,1.0,1.0,2.0,2.0,2.0,1.0,1.0,2.0,0.0,1.0,13.5,11.2,0.0,0.0,,3264.0,,21.4511041,23.0,38.0,48.0,52.0,0.316047302,0.335557477,1.0,3.0,,17500.0,,115.0105152,35.0,38.0,0.230451158,0.245215079,1706.732799,8352.313072,9014.222566,7.924864513,745.4474558,958.4236271,18310.73246,11364.84384,14151.70133,9440.896708,619.5981624,657.4068643,23.40985357,29905.61136,31476.85119,2524.665788,2532.550826,1449.601066,19028.80686,46593.0,1.0,,,,,,,,191155.0,222444.0,1308.680263,1461.908517,1023.0,928.0,166.6666667,80.58608059,296.5038232,313.0434783,33.33333333,0.608203302,21.96303992,24.44444444,7.692307692,-25.77854671,-22.5,0.0,1.926254791,4.0,-14.60753918,-11.11111069,,,65.2173913,6.173182074,8.333333333,200.0,,,6.406529727,8.571428571,28.57024592,24.52174034,5.253996705,0.31232005,-1.224105658,11.70860893,16.36839214,-9.286412512,-28.75062423,-1.464873195,-11.34587479,12.0068734,14.28571429,-7.193732489,5.623432159,5.211209895,0.750508727,0.0,-5.909064388,-3.021148036,-0.026301647,-1.993985778,0.0,0.0,0.0,-4.004337539,-32.33039202,43.33333333,-5.389020629,-16.06585503,-14.70588207,-0.508513947,-1.140727116,28.4022139,11.4420177,0.954604126,1.562807428,7.8,7.9,12.5,12.5,25.0,25.0,25.0,12.5,12.5,25.0,0.0,63.10472444,66.58190363,53.68508269,27.5,1.131298047,5.536282817,5.975025729,1.720912011,2.212580805,12.13716399,7.533121558,9.380374066,6.257844237,0.410697088,0.43575837,0.015517087,19.82276297,20.86425028,1.673460238,1.67868679,3.346494601,12.61313549,4.683840749,4.114134041,0.17513011,0.080298684,1.678984523,3.320186922,1.186491234,0.070924336,38.03400391,49.79195707,48.56785141,25.0,25.1,10.15903711,10.94408858,20.87274236,26.08395225,1.548947185,2.299455912,10.42694431,10.40064266,3.872979346,2.73225223,41.02250467,35.63348404,3.757710168,3.249196221,11.87126456,8.458201893,761.4471253,642.4874575,755.5875049,750.3186458,24.61213493,24.25159836,47.96717072,42.52487564,1.0,0.0,0.0,22.6,7.0,8.0,0.0460902,0.0516242,289513.1423,268686.3413,214021.0469,226056.375,,,,,,,,,,,,,,,0.0,0.0,137.9166667,133.75,0.906047029,0.852508127,1.0,1.0,0.0,0.0,0.5,1.0,54.917,71.944,0.0,1.0,6.5,6.5,10.0,10.0,0.065843188,0.064530284,0.0,0.0,0.0,0.0,,,,,,,,4678.0,6913.0,32.02639884,30.74395373,30.0,43.0,5.1,4.1,34.0,29.0,0.224123612,0.188116238,,,,,,,
Mariposa,6.0,12.0,17000.0,69000.0,,,,,2.0,7.0,,,,,,,,24.1,0.0,6.5,-2.3,-1.0,8.0,6.0,0.440189281,0.342387583,1.0,6.0,33.0,71.0,26.0,37.0,,0.0,0.0,0.0,9.0,8.0,0.495212942,0.456516777,2.0,1.0,0.112309076,0.057237707,0.0,1.0,1.0,1.0,1.0,1.0,0.0,1.0,1.0,,13.5,11.2,0.0,0.0,,1.0,,0.056006721,4.0,3.0,12.0,13.0,0.660283922,0.741839763,0.0,1.0,0.0,,0.0,,9.0,5.0,0.495212942,0.285322986,36.20792911,453.6481395,459.7768559,1.350984592,254.5289369,202.3034284,290.8107695,1080.509743,1118.17661,236.4779232,58.92447269,85.81163881,7.000000024,3155.777443,3193.816861,427.1330522,434.1001533,76.9823439,2769.394891,44595.0,0.0,,,,,,,,134.0,518.0,7.296090602,29.01148138,24.0,46.0,100.0,305.8823529,,,250.0,0.608203302,-22.21810089,-25.0,500.0,115.1515152,42.30769231,0.0,-7.8140455,-11.11111111,-49.03554535,-50.0,,,-25.0,12.35163205,8.333333333,,,,-42.38377844,-44.44444444,-20.51849551,3.486027501,1.205389749,1.631131355,-1.224105658,297.6304977,286.5671642,91.66666667,121.3090298,4.677739143,,3.709198813,0.0,60.2726818,49.89906311,5.211209895,0.750508727,0.0,-35.255614,-36.47058824,-0.026301647,-100.0,-100.0,0.0,0.0,2.861943433,100.0,-25.0,-5.389020629,-47.95760345,-50.0,-0.508513947,-1.140727116,17.76341022,20.93583913,0.954604126,1.562807428,8.3,10.7,0.0,100.0,100.0,100.0,100.0,100.0,0.0,100.0,100.0,40.33613445,,9.183058463,27.5,0.198388741,2.485607032,2.5191872,3.308578408,2.629707896,1.593396359,5.920276932,6.126659414,1.295698445,0.322856132,0.470174998,0.038354063,17.29098374,17.49940749,2.340326843,2.378500648,1.000680409,15.17393508,8.609271523,10.16483516,0.287857641,0.318086107,1.101309517,0.706810586,2.514930689,0.142457948,83.23927456,49.79195707,48.56785141,25.0,25.1,9.150326797,,20.87274236,26.08395225,1.548947185,2.299455912,10.42694431,10.40064266,3.872979346,2.73225223,41.02250467,35.63348404,3.757710168,3.249196221,1.796798432,3.976477177,761.4471253,642.4874575,755.5875049,750.3186458,14.39575958,15.06915569,,,0.0,0.0,0.0,15.2,2.0,2.0,0.11004732,0.114129194,104281.3447,167134.5078,93199.50781,139705.1875,,,,,,,,,,,,,,,0.0,0.0,14.16666667,9.0,0.791212883,0.512265923,1.0,1.0,0.0,0.0,0.5,1.0,54.917,71.944,0.0,1.0,6.5,6.5,1.0,0.0,0.0550237,0.0,0.0,0.0,0.0,0.0,,,,,,,,2.0,1.0,0.108896875,0.112013442,4.0,3.0,5.1,4.1,2.0,1.0,0.110083662,0.057290174,,,,,,,
Merced,12.0,35.0,632000.0,405000.0,134.0,462.0,0.539148628,1.764786774,13.0,30.0,,,,,,,,35.9,0.0,6.5,-2.3,-1.0,75.0,77.0,0.288898219,0.286375233,32.0,16.0,14245.0,11543.0,109.0,110.0,1.0,1.0,0.0,0.0,127.0,143.0,0.489200985,0.531839719,7.0,5.0,0.02669738,0.018197369,3.0,3.0,1.0,4.0,3.0,2.0,3.0,2.0,0.0,,13.5,11.2,1.0,0.0,27379.0,35867.0,110.1593305,137.0078078,147.0,205.0,75.0,91.0,0.288898219,0.338443458,1.0,3.0,,,,,56.0,68.0,0.21571067,0.252902804,1160.73755,12061.4345,13121.6408,8.790051453,1222.319367,1037.399502,21647.35268,14080.4084,18755.68084,11433.57785,2981.341215,401.1124244,55.87172788,36593.86063,40077.48154,3205.239977,3574.163388,1875.846275,24044.84076,42879.0,1.0,,,,,,,,144863.0,160612.0,582.8558783,613.5193363,1276.0,1197.0,191.6666667,-35.91772152,227.3284364,244.7761194,130.7692308,0.608203302,-0.873313052,2.666666667,-50.0,-18.96805897,0.917431193,0.0,8.715995247,12.5984252,-31.83837318,-28.5714283,24.37240426,31.00186274,39.45578231,17.14972094,21.33333333,200.0,,,17.24167519,21.42857143,-15.12860471,33.20409681,9.519686784,11.51000903,-1.224105658,5.260898803,10.87165115,-6.191222571,-23.0687479,-7.275938988,-12.95521355,41.11441449,46.15384615,-11.85084328,6.433874607,5.211209895,0.750508727,40.0,-1.624162072,2.264291017,-0.026301647,8.620963783,12.5,44.82795171,50.0,-5.060583373,-0.471453649,26.70454545,-5.389020629,-18.21703148,-15.49295807,-0.508513947,-1.140727116,31.5481659,9.366949056,0.954604126,1.562807428,7.5,9.2,60.0,60.0,20.0,80.0,60.0,40.0,60.0,40.0,0.0,65.05950345,69.7361551,54.9213622,27.5,0.453780029,4.715310622,5.129788851,1.615926823,1.371459642,8.46284014,5.504610526,7.332366734,4.469855644,1.165528851,0.156811337,0.021842555,14.30604459,15.66793522,1.253060083,1.397287411,2.47990042,9.400116798,4.181051016,4.424778761,0.611266353,0.388977609,7.108482249,3.434417674,0.440199693,0.18608797,31.90040384,49.79195707,48.56785141,25.0,25.1,9.814017968,10.79049045,20.87274236,26.08395225,1.548947185,2.299455912,10.42694431,10.40064266,3.872979346,2.73225223,41.02250467,35.63348404,3.757710168,3.249196221,57.31471795,44.09293016,761.4471253,642.4874575,755.5875049,750.3186458,29.27618599,27.14606857,48.09142303,41.86107635,0.0,0.0,0.0,25.9,13.0,19.0,0.0500757,0.070664019,390043.3204,343819.8977,175657.6563,186959.25,,,,,,,,,,,,,,,5.0,7.0,224.5,229.5833333,0.855873887,0.841973108,1.0,1.0,0.0,0.0,0.5,1.0,54.917,71.944,0.0,1.0,6.5,6.5,16.0,18.0,0.0616316,0.06694486,2.0,3.0,0.00770395,0.0111575,,,,,,,,59533.0,59815.0,239.5308602,227.4092013,176.0,223.0,5.1,4.1,71.0,60.0,0.273779273,0.223904818,,,,,,,
San Joaquin,11.0,23.0,913000.0,427000.0,257.0,437.0,0.384684469,0.62298279,17.0,38.0,,,,,,,,23.7,0.0,6.5,-2.3,-1.0,155.0,153.0,0.222998802,0.208363408,36.0,29.0,11837.0,8919.0,232.0,248.0,1.0,1.0,0.0,0.0,401.0,466.0,0.57691948,0.634623189,15.0,15.0,0.021355748,0.019929318,4.0,8.0,4.0,8.0,6.0,8.0,6.0,9.0,1.0,,13.5,11.2,1.0,0.0,34126.0,28938.0,51.0807089,41.25372079,131.0,147.0,352.0,391.0,0.506423085,0.532484264,2.0,7.0,,281300.0,,401.0184414,166.0,160.0,0.238824523,0.217896374,8456.996026,22980.19338,25128.97614,9.350586034,1302.463865,1926.333771,31736.91432,24554.79847,32685.02246,20202.66203,13692.29603,794.7744371,470.0988785,77979.2139,86687.30164,6375.016741,7876.862152,2786.297223,43070.47422,53341.0,1.0,,,,,,,,187613.0,238036.0,280.8241528,339.3417196,2334.0,2327.0,109.0909091,-53.23110624,61.94643678,70.03891051,123.5294118,0.608203302,-6.562992216,-1.290322581,-19.44444444,-24.65151643,6.896551724,0.0,10.00203857,16.20947631,-6.679374695,0.0,-19.23815922,-15.20248491,12.21374046,5.146127762,11.07954546,250.0,,,-8.762981611,-3.614457831,47.89921034,33.11053033,11.16719097,23.55829752,-1.224105658,20.83779697,26.87606936,-0.29991431,-28.23749344,-11.7679491,-17.59998894,28.84060895,36.11111111,-17.71365802,17.29505157,5.211209895,0.750508727,33.33333333,-0.432390284,5.63452646,-0.026301647,-10.50477924,-5.454545455,136.6460164,150.0,-4.759189353,19.91261247,6.629834254,-5.389020629,-29.7497921,-25.92592621,-0.508513947,-1.140727116,29.28968957,10.38674694,0.954604126,1.562807428,7.9,10.3,26.66666603,53.33333206,26.66666603,53.33333206,40.0,53.33333206,40.0,60.0,6.666666508,51.06773857,52.9036531,38.86453643,27.5,1.234046692,3.353274797,3.666825642,0.605777424,0.895940026,4.631057414,3.583041513,4.769405559,2.947976821,1.997982803,0.115973658,0.06859693,11.37874379,12.64942984,0.930243824,1.149393432,1.295910004,6.284852931,6.401766004,6.927374302,0.756670165,0.396372166,13.79631872,7.082967317,0.463880369,0.473948864,35.88455376,49.79195707,48.56785141,25.0,25.1,9.21282756,8.920105968,20.87274236,26.08395225,1.548947185,2.299455912,10.42694431,10.40064266,3.872979346,2.73225223,41.02250467,35.63348404,3.757710168,3.249196221,17.71793797,12.7148364,761.4471253,642.4874575,755.5875049,750.3186458,22.36153984,19.73004532,32.92755508,27.13230896,0.0,0.0,0.0,17.5,36.0,49.0,0.0517933,0.066730765,402226.2405,330977.2598,211708.3125,248323.375,,,,,,,,,,,,,,,3.0,4.0,486.5833333,514.0,0.692534903,0.689540449,1.0,1.0,0.0,0.0,0.5,1.0,54.917,71.944,0.0,1.0,6.5,6.5,55.0,52.0,0.079128607,0.070816322,4.0,10.0,0.00575481,0.0136185,,,,,,,,69433.0,57903.0,103.9291702,98.98298416,181.0,193.0,5.1,4.1,108.0,80.0,0.155532643,0.109262004,,,,,,,
Stanislaus,10.0,28.0,484000.0,134000.0,95.0,140.0,0.187069003,0.268149405,25.0,22.0,,,,,,,,26.6,0.0,6.5,-2.3,-1.0,155.0,162.0,0.29920816,0.299250212,36.0,25.0,4230.0,4584.0,242.0,220.0,1.0,1.0,0.0,0.0,327.0,366.0,0.631232699,0.676083812,12.0,12.0,0.02291292,0.021825524,3.0,3.0,3.0,3.0,3.0,3.0,1.0,2.0,2.0,,13.5,11.2,0.0,0.0,8041.0,7592.0,15.83391423,14.54135917,65.0,99.0,255.0,293.0,0.492245683,0.541236494,3.0,1.0,,,,,134.0,131.0,0.25867028,0.241986283,1595.242231,20200.48546,17730.09192,-12.22937708,1853.075542,1690.271387,24673.28814,24816.13666,24982.26831,14118.73606,3194.187178,683.6678093,278.3990828,68988.05847,60419.58661,6826.979924,5815.998428,2815.998475,40549.35418,51949.0,1.0,,,,,,,,172288.0,186029.0,339.260467,356.3111836,2236.0,2293.0,180.0,-72.31404959,43.34251056,47.36842105,-12.0,0.608203302,0.0140544,4.516129032,-30.55555556,8.368794326,-9.090909091,0.0,7.105321585,11.92660551,-4.745774269,0.0,-8.163206142,-5.583882602,52.30769231,9.952512229,14.90196078,-66.66666667,,,-6.449909046,-2.23880597,-8.785618879,0.669450079,-12.42022467,-14.80861972,-1.224105658,5.025848341,7.975598997,2.549194991,5.408302093,-13.34458828,-13.93757248,5.765349917,10.52631579,-17.06287095,14.90732002,5.211209895,0.750508727,-16.66666667,-3.150300784,1.708278581,-0.026301647,38.90840888,45.16129032,27.58994593,33.33333333,-2.731867833,9.028871391,44.18604651,-5.389020629,-25.10274315,-21.92982483,-0.508513947,-1.140727116,28.60475107,10.65811648,0.954604126,1.562807428,8.1,9.7,25.0,25.0,25.0,25.0,25.0,25.0,8.333333015,16.66666603,16.66666603,53.57306678,57.28668958,41.9198644,27.5,0.310085126,3.926594939,3.446396837,1.121852247,1.023290584,4.796023765,4.823790834,4.856083706,2.744417091,0.62088999,0.13289218,0.054115552,13.40998273,11.74443275,1.327036663,1.13052085,1.704805954,7.882032796,5.882352941,5.310161719,0.232345581,0.205732597,4.803548623,2.539590594,0.557874092,0.586253749,46.73371523,49.79195707,48.56785141,25.0,25.1,9.419555827,9.759050733,20.87274236,26.08395225,1.548947185,2.299455912,10.42694431,10.40064266,3.872979346,2.73225223,41.02250467,35.63348404,3.757710168,3.249196221,8.329493496,8.779977667,761.4471253,642.4874575,755.5875049,750.3186458,24.18133926,20.95443916,29.87040901,25.7071991,0.0,0.0,0.0,19.5,38.0,42.0,0.073354259,0.077583388,359674.4274,298303.644,135625.7969,155843.9688,,,,,,,,,,,,,,,6.0,5.0,443.9166667,451.5,0.850861691,0.824056989,1.0,1.0,0.0,0.0,0.5,1.0,54.917,71.944,0.0,1.0,6.5,6.5,31.0,45.0,0.0598416,0.083125059,3.0,4.0,0.00579113,0.00738889,,,,,,,,20770.0,19050.0,40.89919147,39.78187961,86.0,124.0,5.1,4.1,114.0,89.0,0.220241338,0.164954722,,,,,,,
Tulare,7.0,17.0,,263000.0,512.0,596.0,1.212867769,1.320869292,34.0,64.0,,,,,,,,36.3,0.0,6.5,-2.3,-1.0,129.0,157.0,0.288359658,0.340685929,61.0,50.0,11677.0,15418.0,336.0,377.0,1.0,1.0,2.0,2.0,215.0,264.0,0.48059943,0.572873154,12.0,11.0,0.026503582,0.023612194,4.0,3.0,5.0,4.0,4.0,4.0,4.0,4.0,4.0,,13.5,11.2,0.0,0.0,2658.0,2652.0,6.296489316,5.877425103,78.0,133.0,210.0,212.0,0.469422699,0.460034503,4.0,1.0,,,,,107.0,119.0,0.239182042,0.258226914,835.5197845,21200.3374,19986.72686,-5.724486935,2284.065973,1998.524025,38359.97522,35621.5555,35318.90302,21581.3101,1838.050661,995.7148722,93.00466266,63227.07264,59680.26962,5958.182873,5441.24887,3764.657933,34336.66958,42637.0,1.0,,,,,,,,274351.0,294735.0,649.9052447,653.1986756,3671.0,3448.0,142.8571429,,8.90464116,16.40625,88.23529412,0.608203302,18.14618274,21.70542636,-18.03278689,32.03733836,12.20238095,0.0,19.19971558,22.79069767,-10.90942287,-8.333333015,-6.655521713,-0.225733634,70.51282051,-1.999945234,0.952380952,-75.0,,,7.96250082,11.21495327,-12.50147547,-0.849632969,-5.60962713,-8.676034516,-1.224105658,0.506755547,7.429898196,-6.074639063,23.5284098,2.440848827,-17.93369675,-9.396175782,-6.666666667,-5.98613081,-3.864241123,5.211209895,0.750508727,,-1.18021285,1.556272537,-0.026301647,10.01892941,13.33333333,29.4340346,33.33333333,-6.444335111,22.23760731,67.5,-5.389020629,-14.63499069,-12.12121201,-0.508513947,-1.140727116,32.59403997,9.448436041,0.954604126,1.562807428,7.6,8.0,36.36363602,27.27272797,45.45454407,36.36363602,36.36363602,36.36363602,36.36363602,36.36363602,36.36363602,65.5831486,68.27746025,60.62363884,27.5,0.188955103,4.794514756,4.520053385,1.752229327,1.533174808,8.67521416,8.05591299,7.987467297,4.880672783,0.415680225,0.225183664,0.021033261,14.2989768,13.49685752,1.347459484,1.230553434,2.888070711,7.765332496,6.41221374,7.645508011,0.350133463,0.383811795,3.212273762,1.243161706,0.751505612,0.08367652,32.5512971,49.79195707,48.56785141,25.0,25.1,6.546056328,6.945269369,20.87274236,26.08395225,1.548947185,2.299455912,10.42694431,10.40064266,3.872979346,2.73225223,41.02250467,35.63348404,3.757710168,3.249196221,27.66143933,34.16973614,761.4471253,642.4874575,755.5875049,750.3186458,35.06097412,35.91675949,48.64836121,39.92391205,1.0,0.0,0.0,27.2,15.0,14.0,0.0335302,0.0303796,434210.6218,408218.206,219587.9063,211102.5,,,,,,,,,,,,,,,0.0,2.0,439.0833333,445.9166667,0.971472737,0.960007291,1.0,1.0,0.0,0.0,0.5,1.0,54.917,71.944,0.0,1.0,6.5,6.5,30.0,34.0,0.067060386,0.073779118,3.0,4.0,0.00670604,0.0086799,,,,,,,,4414.0,3611.0,10.45624674,9.782411163,80.0,134.0,5.1,4.1,99.0,87.0,0.221543908,0.189120978,,,,,,,
Tuolumne,6.0,18.0,390000.0,664000.0,8.0,,0.141997551,,10.0,3.0,,,,,,,,21.6,0.0,6.5,-2.3,-1.0,22.0,25.0,0.401225562,0.464796326,7.0,1.0,191.0,235.0,34.0,64.0,1.0,1.0,1.0,1.0,31.0,26.0,0.565363292,0.483388179,3.0,4.0,0.055555556,0.07334201,2.0,2.0,2.0,2.0,2.0,1.0,0.0,1.0,0.0,,13.5,11.2,1.0,0.0,7.0,,0.124247857,,11.0,17.0,69.0,56.0,1.258389262,1.041143771,2.0,0.0,,0.0,,0.0,12.0,16.0,0.218850306,0.297469649,95.33822856,3187.000362,3319.132192,4.145962198,531.3494787,758.9466864,1599.84547,4811.223466,5654.38473,1050.18079,143.5071722,304.3518197,18.265494,15505.17469,16108.12972,2929.240013,3075.552722,616.6526838,14496.48621,53136.0,0.0,,,,,,,,264.0,404.0,4.685919168,7.463651647,48.0,65.0,200.0,70.25641026,,,-70.0,0.608203302,15.84414619,13.63636364,-85.71428571,23.03664921,88.23529412,0.0,-14.4995463,-16.12903226,32.01561737,33.33333206,,,54.54545455,-17.26377501,-18.84057971,-100.0,,,35.92379819,33.33333333,42.83380653,17.5248826,3.888734168,4.994903388,-1.224105658,59.27828414,53.03030303,35.41666667,28.06003769,-8.685558319,-5.174425125,-15.04762613,-16.66666667,-20.66603372,-7.113307476,5.211209895,0.750508727,0.0,11.62517373,12.12121212,-0.026301647,205.8285459,200.0,-100.0,-100.0,4.082839144,,54.54545455,-5.389020629,2.087363958,0.0,-0.508513947,-1.140727116,17.48758241,20.39916915,0.954604126,1.562807428,6.8,10.1,50.0,50.0,50.0,50.0,50.0,25.0,0.0,25.0,0.0,36.73813946,,10.68906349,27.5,0.172199456,5.756344915,5.995000799,2.398219348,3.425467983,2.889633288,8.690008969,10.21292284,1.896831554,0.259201973,0.549718811,0.032991048,28.00537288,29.09442738,5.290779397,5.555048717,2.783231106,26.18348453,9.289617486,16.36828645,1.023963974,0.849848112,0.957283482,2.012101508,1.499142057,0.111984105,81.86579969,49.79195707,48.56785141,25.0,25.1,11.09235185,,20.87274236,26.08395225,1.548947185,2.299455912,10.42694431,10.40064266,3.872979346,2.73225223,41.02250467,35.63348404,3.757710168,3.249196221,3.390191519,4.341480537,761.4471253,642.4874575,755.5875049,750.3186458,13.77442169,12.57803631,13.6552763,12.94869423,0.0,0.0,0.0,14.5,6.0,5.0,0.109425153,0.092959265,265164.9138,210365.8433,93581.3125,86924.58594,,,,,,,,,,,,,,,3.0,3.0,35.75,40.08333333,0.661938972,0.738890527,1.0,1.0,0.0,0.0,0.5,1.0,54.917,71.944,0.0,1.0,6.5,6.5,2.0,6.0,0.0364751,0.111551118,1.0,0.0,0.0182375,0.0,,,,,,,,7.0,,0.124247857,0.129320697,11.0,17.0,5.1,4.1,8.0,8.0,0.145918831,0.148964688,,,,,,,
Amador,5.0,13.0,,1037000.0,,2.0,,0.053909809,2.0,11.0,,,,,,,,19.5,0.0,6.5,-2.3,-1.0,10.0,12.0,0.266389621,0.320230566,5.0,10.0,154.0,218.0,40.0,52.0,0.0,1.0,0.0,0.0,12.0,21.0,0.319667546,0.560403491,5.0,4.0,0.136518776,0.101566665,3.0,3.0,4.0,4.0,4.0,4.0,0.0,4.0,0.0,,13.5,11.2,0.0,0.0,6.0,33.0,0.154814738,0.889511847,6.0,34.0,39.0,44.0,1.038919524,1.174178742,0.0,1.0,0.0,,0.0,,11.0,13.0,0.293028584,0.346916447,563.9267639,352.0752284,473.810678,34.57654494,365.5446562,349.0296447,1242.173269,1199.901541,1360.366194,528.8657064,75.62635102,95.93766814,15.52378777,4760.406704,5337.854488,547.1791428,689.345242,97.52605415,4057.974244,55879.0,0.0,,,,,,,,3975.0,3849.0,102.5647642,103.7494272,164.0,161.0,160.0,,,,450.0,0.608203302,20.21135217,20.0,100.0,41.55844156,30.0,0.0,75.30822192,75.0,-25.60242081,-20.0,474.5653522,450.0,466.6666667,13.01921999,12.82051282,,,,18.38996805,18.18181818,-4.517919016,13.37315164,12.13021952,25.98163711,-1.224105658,1.155039016,-3.169811321,-1.829268293,47.88104696,-17.40021706,13.80291939,0.176126811,0.0,-16.84668467,13.49976063,5.211209895,0.750508727,0.0,-2.22303498,1.97740113,-0.026301647,150.440317,150.0,0.0,0.0,4.466427667,-81.81818182,466.6666667,-5.389020629,0.267106742,0.0,-0.508513947,-1.140727116,16.78349216,20.64792208,0.954604126,1.562807428,9.3,10.2,75.0,75.0,100.0,100.0,100.0,100.0,0.0,100.0,0.0,32.23409196,40.56511057,12.48588906,27.5,1.480472458,0.924300303,1.243891413,2.509057974,2.395700767,3.261067626,3.150091993,3.571358572,1.388426942,0.198541259,0.251864399,0.040754477,12.49745794,14.01342702,1.436505061,1.809732593,0.669408018,10.65336758,8.350730689,11.27982646,0.743925414,0.681931932,1.039615657,2.462523956,1.436034759,0.1653934,79.61198183,49.79195707,48.56785141,25.0,25.1,8.778448676,9.287469287,20.87274236,26.08395225,1.548947185,2.299455912,10.42694431,10.40064266,3.872979346,2.73225223,41.02250467,35.63348404,3.757710168,3.249196221,3.973578285,5.876169169,761.4471253,642.4874575,755.5875049,750.3186458,12.94729424,10.69443703,10.88301945,12.38519382,0.0,0.0,0.0,13.1,4.0,4.0,0.106555849,0.106743522,245695.0508,204303.5804,45391.86328,51519.65625,,,,,,,,,,,,,,,0.0,0.0,29.5,30.08333333,0.79654381,0.778836362,1.0,1.0,0.0,0.0,0.5,1.0,54.917,71.944,0.0,1.0,6.5,6.5,2.0,5.0,0.0532779,0.133429403,0.0,0.0,0.0,0.0,,,,,,,,6.0,33.0,0.154814738,0.161729427,6.0,34.0,5.1,4.1,9.0,9.0,0.239757046,0.240397453,,,,,,,
Calaveras,6.0,20.0,116000.0,1493000.0,23.0,20.0,0.49710383,0.446877444,14.0,14.0,,,,,,,,21.2,0.0,6.5,-2.3,-1.0,20.0,23.0,0.442840378,0.507558204,19.0,3.0,316.0,574.0,75.0,112.0,1.0,1.0,0.0,0.0,26.0,30.0,0.575692492,0.66203244,3.0,3.0,0.067174204,0.065786585,2.0,2.0,0.0,2.0,2.0,2.0,0.0,1.0,0.0,,13.5,11.2,1.0,0.0,,44.0,,0.983130376,22.0,35.0,39.0,41.0,0.863538737,0.904777667,0.0,4.0,0.0,134.0,0.0,2.994078874,13.0,11.0,0.287846246,0.242745228,20.14119868,870.4163925,1021.711182,17.38188652,422.0911885,500.2663086,527.0920376,978.5952799,1252.353845,367.3122351,59.98645565,79.65927542,8.423721164,3907.397164,4578.26193,621.4531496,742.1831902,110.4371654,4042.739031,52471.0,0.0,,,,,,,,1782.0,3068.0,38.51474021,68.55099989,134.0,153.0,233.3333333,1187.068966,-10.10380186,-13.04347826,0.0,0.608203302,14.61425577,15.0,-84.21052632,81.64556962,49.33333333,0.0,14.99758104,15.38461539,-2.065701485,0.0,,,59.09090909,4.775573832,5.128205128,,,,-15.66844057,-15.38461539,18.52090785,27.97464599,17.16909589,19.42705426,-1.224105658,77.98640083,72.1661055,14.17910448,87.78633036,-6.902352333,-20.20836067,-20.26834382,-20.0,-34.48592922,25.78391266,5.211209895,0.750508727,0.0,35.46522958,38.27493261,-0.026301647,-25.25157233,-25.0,0.0,0.0,3.380627863,-1.754385965,59.09090909,-5.389020629,-36.56451035,-36.36363602,-0.508513947,-1.140727116,19.62130853,20.98600202,0.954604126,1.562807428,7.3,10.0,66.66666412,66.66666412,0.0,66.66666412,66.66666412,66.66666412,0.0,33.33333206,0.0,35.76213037,52.48981038,10.31857475,27.5,0.044190615,1.909729239,2.241676208,2.234942225,2.648873814,1.156461533,2.147078151,2.747715664,0.805898098,0.131612742,0.174775715,0.018481989,8.572989522,10.04489431,1.36349368,1.628380337,0.58475678,8.869935125,11.8858954,16.89291101,1.915383683,2.207352715,1.160647681,0.77888455,1.154065558,0.15577691,83.53591645,49.79195707,48.56785141,25.0,25.1,9.671622284,7.584618111,20.87274236,26.08395225,1.548947185,2.299455912,10.42694431,10.40064266,3.872979346,2.73225223,41.02250467,35.63348404,3.757710168,3.249196221,6.829774358,12.82538264,761.4471253,642.4874575,755.5875049,750.3186458,16.3539753,15.22516632,10.36558151,8.270867348,0.0,0.0,0.0,13.0,5.0,4.0,0.110710095,0.088270992,156719.7668,102673.4989,42555.42188,53527.875,,,,,,,,,,,,,,,0.0,0.0,30.91666667,42.75,0.690998763,0.936063061,1.0,1.0,0.0,0.0,0.5,1.0,54.917,71.944,0.0,1.0,6.5,6.5,4.0,3.0,0.088568076,0.066203244,0.0,0.0,0.0,0.0,,,,,,,,56.0,57.0,1.21033976,1.251256843,22.0,35.0,5.1,4.1,11.0,7.0,0.243578389,0.154515147,,,,,,,
El Dorado,19.0,42.0,2539000.0,1146000.0,66.0,127.0,0.371425034,0.703293295,58.0,87.0,,,,,,,,11.6,0.0,6.5,-2.3,-1.0,57.0,58.0,0.31496063,0.311372616,13.0,27.0,2762.0,1937.0,246.0,299.0,1.0,1.0,0.0,0.0,97.0,110.0,0.535985633,0.590534272,8.0,10.0,0.044077862,0.052444436,7.0,8.0,9.0,9.0,8.0,8.0,8.0,8.0,2.0,1.0,13.5,11.2,0.0,0.0,88.0,212.0,0.495233379,1.174001407,70.0,142.0,165.0,202.0,0.911728139,1.084435664,1.0,16.0,,6685.0,,37.0198085,32.0,32.0,0.176820003,0.171791788,437.8025012,12413.98778,12951.47186,4.329664994,1069.358202,1549.229742,6080.638551,8605.356903,10966.69251,3812.230288,2051.120656,551.4836733,70.50061535,50565.68135,52705.45607,6915.364245,6849.891436,932.3477002,45782.31832,75575.0,1.0,,,,,,,,3954.0,3926.0,22.25173613,21.74117699,494.0,580.0,121.0526316,-54.86411973,89.34999825,92.42424242,50.0,0.608203302,-1.139194297,1.754385965,107.6923077,-29.86965967,21.54471545,0.0,10.17725769,13.40206186,18.98134995,25.0,137.060234,140.9090909,102.8571429,18.94287533,22.42424242,1500.0,,,-2.843690947,0.0,44.8747239,27.44029831,4.231673868,-0.946773097,-1.224105658,-2.294468782,-0.708143652,17.40890688,-30.99008913,-6.968338013,-29.6032505,74.8813563,80.0,-27.2898262,-27.59389305,5.211209895,0.750508727,-50.0,14.68507844,20.03693444,-0.026301647,-22.27495276,-20.0,0.0,0.0,-1.597638707,-61.5720524,110.0,-5.389020629,-2.77512598,0.0,-0.508513947,-1.140727116,22.74133151,14.64944935,0.954604126,1.562807428,7.1,7.5,70.0,80.0,90.0,90.0,80.0,80.0,80.0,80.0,20.0,22.16678081,24.46748682,12.08176385,27.5,0.241802351,6.856359719,7.153217126,1.522803357,2.206157159,3.358392643,4.752817828,6.057005218,2.105529879,1.132852819,0.304589509,0.038938139,27.92789125,29.10970853,3.819419327,3.783258092,1.327695627,25.28599583,19.40063091,22.01767305,13.8459996,6.349362441,3.392835445,0.715792729,0.857736195,0.144152702,79.91306653,49.79195707,48.56785141,25.0,25.1,6.339888465,4.776801406,20.87274236,26.08395225,1.548947185,2.299455912,10.42694431,10.40064266,3.872979346,2.73225223,41.02250467,35.63348404,3.757710168,3.249196221,15.54357491,10.72660719,761.4471253,642.4874575,755.5875049,750.3186458,9.443490982,8.78543663,10.1064024,7.114578724,0.0,0.0,0.0,9.1,15.0,27.0,0.082884376,0.144949321,193476.9005,140677.3906,96233.16406,69678.6875,,,,,,,,,,,,,,,2.0,1.0,90.25,108.3333333,0.499831082,0.573231668,1.0,1.0,0.0,0.0,0.5,1.0,54.917,71.944,0.0,1.0,6.5,6.5,15.0,12.0,0.082884376,0.064421921,0.0,0.0,0.0,0.0,,,,,,,,88.0,229.0,0.495233379,0.487321339,70.0,147.0,5.1,4.1,19.0,19.0,0.105019957,0.102105521,,,,,,,
Placer,22.0,20.0,302000.0,72000.0,97.0,53.0,0.294812217,0.146727019,43.0,56.0,,,,,,,,9.0,0.0,6.5,-2.3,-1.0,97.0,132.0,0.272131745,0.347604426,33.0,25.0,1724.0,1651.0,249.0,306.0,1.0,1.0,0.0,0.0,274.0,334.0,0.768702044,0.879544533,21.0,19.0,0.057464186,0.048327733,4.0,4.0,5.0,4.0,4.0,2.0,1.0,2.0,2.0,1.0,13.5,11.2,1.0,0.0,121.0,158.0,0.367755446,0.437412621,65.0,119.0,297.0,328.0,0.833228128,0.863744332,2.0,14.0,,4377.0,,12.11743698,64.0,64.0,0.179550842,0.168535479,640.5803099,12673.27234,12872.36797,1.570988299,1244.993249,1501.475287,5385.164419,7802.77076,10539.44628,3797.689436,2916.519539,444.3938962,83.24969549,53006.34589,54218.6897,8936.844799,9584.227707,739.9327252,46336.25674,76203.0,1.0,,,,,,,,1525.0,1752.0,4.634934336,4.850296915,296.0,329.0,-9.090909091,-76.1589404,-50.23034658,-45.36082474,30.23255814,0.608203302,27.73387596,36.08247423,-24.24242424,-4.234338747,22.89156627,0.0,14.41943468,21.89781022,-15.89938736,-9.523809433,18.94116768,30.5785124,83.07692308,3.662406837,10.43771044,600.0,,,-6.134954785,0.0,20.60107862,35.07312471,2.287167306,7.24397617,-1.224105658,4.646507654,14.8852459,11.14864865,-12.76911213,-20.38487625,-25.66429329,7.844945566,14.89361702,-26.26079501,-31.91219139,5.211209895,0.750508727,0.0,12.65926496,20.28571429,-0.026301647,3.251549736,10.0,25.15339362,33.33333333,-8.912143737,-34.59459459,83.07692308,-5.389020629,9.176221848,16.21621704,-0.508513947,-1.140727116,24.41939891,15.37229646,0.954604126,1.562807428,7.1,9.0,21.05263138,21.05263138,26.31579018,21.05263138,21.05263138,10.52631569,5.263157845,10.52631569,10.52631569,20.16579911,19.64611061,12.83177205,27.5,0.183846578,3.637229745,3.694370198,0.938717794,1.132103785,1.545542436,2.239395567,3.024821566,1.089937042,0.837041242,0.127541069,0.023892666,15.2128237,15.56076643,2.564874868,2.750673792,0.557905046,13.29850781,16.73387097,22.58302583,3.833837395,3.800907061,5.729381917,1.270549203,0.596960096,0.200039032,76.13939018,49.79195707,48.56785141,25.0,25.1,4.705674443,5.539943798,20.87274236,26.08395225,1.548947185,2.299455912,10.42694431,10.40064266,3.872979346,2.73225223,41.02250467,35.63348404,3.757710168,3.249196221,5.239755275,4.570685049,761.4471253,642.4874575,755.5875049,750.3186458,7.005825043,5.577696323,8.282721519,6.157019615,0.0,0.0,0.0,8.6,47.0,54.0,0.13185765,0.142201811,183256.8939,135132.1767,79763.0625,54308.92188,,,,,,,,,,,,,,,0.0,0.0,175.0,210.5,0.483850454,0.545102365,1.0,1.0,0.0,0.0,0.5,1.0,54.917,71.944,0.0,1.0,6.5,6.5,20.0,22.0,0.0561096,0.0579341,3.0,4.0,0.0084164,0.0105335,,,,,,,,121.0,185.0,0.367755446,0.334980552,65.0,119.0,5.1,4.1,37.0,43.0,0.10384158,0.113370314,,,,,,,
Sacramento,18.0,45.0,435000.0,1137000.0,96.0,117.0,0.069506741,0.08077511,32.0,46.0,,,,,,,,22.7,0.0,6.5,-2.3,-1.0,358.0,384.0,0.249563264,0.25375679,9.0,19.0,3497.0,3911.0,143.0,238.0,1.0,1.0,0.0,0.0,937.0,1075.0,0.653186533,0.710386847,23.0,27.0,0.015777739,0.017521374,10.0,12.0,10.0,15.0,13.0,15.0,7.0,16.0,2.0,,13.5,11.2,1.0,0.0,2309.0,1603.0,1.671781928,1.106688041,55.0,167.0,892.0,981.0,0.621816848,0.648269299,3.0,7.0,8000.0,25030.0,5.792228422,17.28035038,258.0,275.0,0.179852855,0.181726868,19579.66142,47071.42203,47501.73913,0.914179094,3919.965718,4281.282193,35607.23736,51932.32001,62747.75506,25997.08529,25815.72579,1688.813189,1933.556708,190245.9619,193704.6878,22339.21793,22468.87732,6843.416859,118689.8455,58735.0,1.0,,,,,,,,28785.0,28362.0,20.84116189,19.58071505,231.0,232.0,150.0,161.3793103,16.21190755,21.875,43.75,0.608203302,1.680345744,7.262569832,111.1111111,11.8387189,66.43356643,0.0,8.75711785,14.72785486,11.05123615,17.39130402,-33.80188994,-30.57600693,203.6363636,4.254058251,9.977578475,133.3333333,198.3368252,212.875,1.041969865,6.589147287,9.217337612,20.82601942,1.818028558,0.580411502,-1.224105658,-6.047872247,-1.469515373,0.432900433,6.641976296,-7.512522221,-13.7807188,15.94850721,22.31404959,-14.52247261,-1.049790263,5.211209895,0.750508727,100.0,-2.250315537,3.175620024,-0.026301647,-5.204260999,0.0,73.79218817,83.33333333,-4.646639963,48.76344086,176.1904762,-5.389020629,-12.86598778,-8.13953495,-0.508513947,-1.140727116,25.58895339,11.17510157,0.954604126,1.562807428,8.4,8.4,37.0370369,44.44444275,37.0370369,55.55555725,48.14814758,55.55555725,25.92592621,59.25925827,7.407407284,44.0350556,49.64237204,21.58151887,27.5,1.380027278,3.31772062,3.348050529,0.762720859,0.833023415,2.509694003,3.660329803,4.422630799,1.832344599,1.819561893,0.119032103,0.136282285,13.40904786,13.65282818,1.574528254,1.583666997,1.331546539,8.365580027,10.26561378,17.6035503,1.010287775,1.197533284,14.02210901,9.863982498,0.555051213,0.923252805,48.43331068,49.79195707,48.56785141,25.0,25.1,7.678190958,9.260163569,20.87274236,26.08395225,1.548947185,2.299455912,10.42694431,10.40064266,3.872979346,2.73225223,41.02250467,35.63348404,3.757710168,3.249196221,2.531927849,2.700097897,761.4471253,642.4874575,755.5875049,750.3186458,21.29780388,19.69780159,24.82186508,21.40123367,0.0,0.0,0.0,16.9,121.0,148.0,0.084349595,0.097802096,410002.4676,350459.9715,206907.4063,204735.3125,,,,,,,,,,,,,,,2.0,4.0,910.5833333,939.5,0.627936106,0.613805562,1.0,1.0,0.0,0.0,0.5,1.0,54.917,71.944,0.0,1.0,6.5,6.5,84.0,84.0,0.0585567,0.0555093,12.0,22.0,0.0083652,0.0145381,,,,,,,,5534.0,3720.0,4.006774011,3.820593649,63.0,174.0,5.1,4.1,172.0,158.0,0.119966045,0.104531229,,,,,,,
Yolo,20.0,23.0,361000.0,734000.0,55.0,60.0,0.283010615,0.292550209,16.0,22.0,,,,,,,,16.8,0.0,6.5,-2.3,-1.0,50.0,56.0,0.247424313,0.25930848,19.0,27.0,6324.0,9426.0,95.0,136.0,1.0,1.0,0.0,0.0,138.0,152.0,0.682891104,0.703837302,6.0,6.0,0.029074276,0.027222242,5.0,5.0,6.0,6.0,6.0,6.0,6.0,6.0,1.0,1.0,13.5,11.2,1.0,0.0,4119.0,3590.0,21.19492227,17.50425417,55.0,85.0,124.0,144.0,0.613612296,0.666793234,2.0,3.0,,,,,39.0,44.0,0.192990964,0.203742377,229.4779189,4422.214467,3069.313702,-30.59328704,418.9299622,382.0130473,4066.650157,4710.65373,3872.86984,2579.814558,575.0919419,180.8269736,34.36215326,18875.27332,12376.45154,2210.895461,1622.667428,296.7718953,8776.878038,58766.0,1.0,,,,,,,,34483.0,49418.0,177.4373646,240.9541037,402.0,401.0,15.0,103.3240997,3.370754642,9.090909091,37.5,0.608203302,4.80315245,12.0,42.10526316,49.0512334,43.15789474,0.0,3.06728243,10.14492754,-6.370007992,0.0,-17.4129825,-12.84292304,54.54545455,8.66686314,16.12903226,50.0,,,5.570941113,12.82051282,-8.81219256,-17.78487526,-34.43034529,-26.60587275,-1.224105658,35.79671017,43.31119682,-0.248756219,41.23576937,3.008078575,-26.68841362,-0.92138949,5.882352941,-21.82625068,-7.273609161,5.211209895,0.750508727,0.0,1.942368741,9.432799014,-0.026301647,87.14848652,100.0,-6.425756741,0.0,-5.243474911,8.577642646,18.75,-5.389020629,-20.93772697,-15.625,-0.508513947,-1.140727116,22.7190576,9.843713436,0.954604126,1.562807428,6.7,6.9,83.33333588,83.33333588,100.0,100.0,100.0,100.0,100.0,100.0,16.66666603,42.52614588,43.652854,30.34767412,27.5,0.114253951,2.201760759,1.52816977,0.59110786,0.539018297,2.024730099,2.345370766,1.928249501,1.284454768,0.286330498,0.090031304,0.017108451,9.397743241,6.162067794,1.100774941,0.807904161,0.418743503,4.369888841,9.664292981,13.4520277,1.645936302,1.679492411,12.76580914,2.365956515,0.546679346,0.406773248,49.90813995,49.79195707,48.56785141,25.0,25.1,7.768100346,8.632644343,20.87274236,26.08395225,1.548947185,2.299455912,10.42694431,10.40064266,3.872979346,2.73225223,41.02250467,35.63348404,3.757710168,3.249196221,32.54107513,45.95963782,761.4471253,642.4874575,755.5875049,750.3186458,11.90923595,12.26747513,19.02973557,13.95100117,0.0,0.0,0.0,17.5,17.0,18.0,0.084124266,0.083349154,227620.9599,177939.8386,120100.8203,111365.1563,,,,,,,,,,,,,,,0.0,0.0,135.1666667,147.9166667,0.662198663,0.675061003,1.0,1.0,0.0,0.0,0.5,1.0,54.917,71.944,0.0,1.0,6.5,6.5,9.0,18.0,0.0445364,0.083349154,2.0,2.0,0.009897,0.009261,,,,,,,,48924.0,45059.0,251.7456609,238.5454404,96.0,114.0,5.1,4.1,32.0,27.0,0.158447996,0.125272587,,,,,,,
Alameda,4.0,16.0,29000.0,196000.0,,2.0,,0.001284561,1.0,8.0,,,,,,,,13.8,0.0,6.5,-2.3,-1.0,297.0,330.0,0.193837027,0.199608525,6.0,4.0,322.0,387.0,29.0,45.0,1.0,1.0,0.0,0.0,1090.0,1293.0,0.711388415,0.782102495,37.0,34.0,0.02341406,0.020398943,18.0,26.0,20.0,26.0,22.0,25.0,24.0,27.0,9.0,1.0,13.5,11.2,1.0,0.0,,,,,8.0,38.0,1401.0,1560.0,0.914362541,0.943603938,0.0,4.0,0.0,400.0,0.0,0.256912223,387.0,372.0,0.25257552,0.225013247,10417.94957,38405.41859,25674.44845,-33.14889045,2449.441325,1350.439323,13583.55039,24226.68578,15141.06332,10903.42722,30754.54251,435.030355,519.5767312,160424.9087,107964.3984,17476.39381,12620.95096,1287.462781,54933.87207,81462.0,1.0,,,,,,,,4074.0,6228.0,2.798624731,4.000123318,167.0,113.0,300.0,575.862069,,,700.0,0.608203302,2.977500557,11.11111111,-33.33333333,20.1863354,55.17241379,0.0,9.940291191,18.62385321,-12.87738037,-8.108108521,,,375.0,3.198009124,11.3490364,,,,-10.91248789,-3.875968992,-44.86745574,-37.50253972,-32.70097562,-27.78286475,-1.224105658,42.93175051,52.8718704,-32.33532934,12.37151257,-21.04759979,-18.02672005,-0.289371874,7.586206897,-19.16967421,8.471119881,5.211209895,0.750508727,25.0,-9.663703041,-3.361103131,-0.026301647,-20.98457169,-14.74358974,-7.320249499,0.0,,,375.0,-5.389020629,-24.42848206,-18.53932571,-0.508513947,-1.140727116,22.55363441,11.10701324,0.954604126,1.562807428,7.6,8.5,52.94117737,76.47058868,58.82352829,76.47058868,64.70587921,73.52941132,70.58823395,79.41176605,26.47058868,34.91226031,38.39683413,22.50516629,27.5,0.689806635,2.542948821,1.699989502,0.449325001,0.247724305,0.899411456,1.604128383,1.002539499,0.721951704,2.036359203,0.028804788,0.034402881,10.62225976,7.148677186,1.157169396,0.835674588,0.236171902,3.637351977,5.523809524,9.955752212,0.63942174,0.672786064,25.85787584,12.19158681,0.277367439,0.789990671,34.0706403,49.79195707,48.56785141,25.0,25.1,6.001162115,5.861919043,20.87274236,26.08395225,1.548947185,2.299455912,10.42694431,10.40064266,3.872979346,2.73225223,41.02250467,35.63348404,3.757710168,3.249196221,0.221197144,0.248562576,761.4471253,642.4874575,755.5875049,750.3186458,12.03360271,9.500818253,17.21495819,14.11166573,0.0,0.0,0.0,11.5,145.0,156.0,0.094634239,0.094360394,256579.0343,207393.6694,148067.7969,160610.7969,,,,,,,,,,,,,,,4.0,5.0,870.25,841.0,0.559747093,0.505654796,1.0,1.0,0.0,0.0,0.5,1.0,54.917,71.944,0.0,1.0,6.5,6.5,156.0,133.0,0.101813388,0.080448284,6.0,6.0,0.0039159,0.00362925,,,,,,,,,116.0,,,8.0,38.0,5.1,4.1,178.0,145.0,0.11626403,0.087862492,,,,,,,
Contra Costa,13.0,33.0,487000.0,665000.0,27.0,19.0,0.026755137,0.017604166,13.0,22.0,,,,,,,,12.7,0.0,6.5,-2.3,-1.0,218.0,223.0,0.204467905,0.195846818,5.0,11.0,1776.0,1675.0,76.0,82.0,1.0,1.0,0.0,0.0,599.0,701.0,0.561817776,0.615644033,25.0,25.0,0.022856975,0.021735067,13.0,19.0,17.0,19.0,16.0,6.0,18.0,19.0,1.0,,13.5,11.2,1.0,0.0,4771.0,,4.727731799,,27.0,66.0,686.0,757.0,0.643417353,0.664825297,0.0,4.0,0.0,87060.0,0.0,80.66414031,210.0,200.0,0.196964496,0.17564737,9813.484411,47922.67933,47000.9696,-1.923326784,2952.191993,2914.095544,34021.07343,28361.31414,31140.41696,23915.85632,25948.54462,873.90674,710.3014659,206021.8379,200374.3823,31379.64639,30905.66168,2423.7322,139112.2888,83036.0,1.0,,,,,,,,4889.0,6771.0,4.844661657,6.273568735,212.0,211.0,153.8461538,36.55030801,-34.20267027,-29.62962963,69.23076923,0.608203302,-4.216352279,2.293577982,120.0,-5.686936937,7.894736842,0.0,9.580732293,17.02838063,-4.908385277,0.0,,,144.4444444,3.327225149,10.34985423,,,,-10.82282638,-4.761904762,-1.290446191,9.798921193,-2.741192716,-1.510484554,-1.224105658,29.49446586,38.49457967,-0.471698113,-11.81590099,-16.35388947,-23.28202248,16.00924356,23.89380531,-20.71340559,5.155993938,5.211209895,0.750508727,0.0,-2.236552762,3.906913538,-0.026301647,4.652036102,11.76470588,-6.363967698,0.0,-6.498531442,20.1941378,135.7142857,-5.389020629,-27.04364967,-22.13114738,-0.508513947,-1.140727116,24.83305927,12.43421272,0.954604126,1.562807428,7.0,9.4,52.0,76.0,68.0,76.0,64.0,24.0,72.0,76.0,4.0,30.4927782,34.0460517,24.36166917,27.5,0.935486229,4.568306697,4.480443231,0.786487781,0.776338579,3.243113694,2.703588012,2.96851047,2.279817576,2.473586866,0.083306569,0.067710633,19.63936397,19.10101116,2.991315402,2.946132044,0.645701825,13.26110329,11.9873817,13.62126246,2.508120322,1.874482419,14.19232144,8.922952265,0.284454613,0.417721217,47.75129287,49.79195707,48.56785141,25.0,25.1,6.141068432,5.990589387,20.87274236,26.08395225,1.548947185,2.299455912,10.42694431,10.40064266,3.872979346,2.73225223,41.02250467,35.63348404,3.757710168,3.249196221,1.759893455,1.551946187,761.4471253,642.4874575,755.5875049,750.3186458,9.596562386,8.027151108,15.34958649,11.77589226,0.0,0.0,0.0,10.2,113.0,140.0,0.105985657,0.122953159,274384.9919,217550.5156,134051.2031,140962.875,,,,,,,,,,,,,,,0.0,0.0,490.5833333,509.75,0.454413391,0.444250195,1.0,1.0,0.0,0.0,0.5,1.0,54.917,71.944,0.0,1.0,6.5,6.5,68.0,76.0,0.06377898,0.066746001,5.0,5.0,0.00468963,0.00439118,,,,,,,,6315.0,5254.0,6.257729262,5.851068758,28.0,66.0,5.1,4.1,122.0,95.0,0.114505395,0.083538957,,,,,,,
Marin,9.0,30.0,,99000.0,4.0,10.0,0.016243787,0.039059296,9.0,15.0,,,,,,,,8.8,0.0,6.5,-2.3,-1.0,44.0,42.0,0.17220798,0.160592203,9.0,17.0,1654.0,1834.0,41.0,66.0,1.0,1.0,0.0,0.0,171.0,189.0,0.669262832,0.722664913,15.0,15.0,0.058037631,0.057766516,9.0,9.0,11.0,9.0,9.0,7.0,9.0,9.0,4.0,,13.5,11.2,0.0,0.0,215.0,186.0,0.873103538,0.726502904,20.0,39.0,302.0,313.0,1.181972956,1.196794274,3.0,5.0,,9505.0,,37.12586077,64.0,70.0,0.250484335,0.267653671,381.8406737,7844.01733,6314.683299,-19.49682117,521.5524662,428.3488036,2829.811006,4989.118612,4305.925567,2125.17584,1577.087035,112.9146012,35.77034653,41395.85274,30188.57469,7163.065047,6082.168036,320.7883399,25955.78616,99868.0,1.0,,,,,,,,252.0,794.0,1.023358565,3.101308096,43.0,65.0,233.3333333,,140.4568375,150.0,66.66666667,0.608203302,-6.745202742,-4.545454545,88.88888889,10.88270859,60.97560976,0.0,7.97923893,10.52631579,-0.467137337,0.0,-16.79075018,-13.48837209,95.0,1.253947322,3.642384106,66.66666667,,,6.854455191,9.375,-17.8704289,-13.6936621,-27.07343202,-15.08986732,-1.224105658,203.0519508,215.0793651,51.1627907,6.65002177,-2.309246302,-17.58737373,23.8639399,26.78571429,-14.44127026,5.141746521,5.211209895,0.750508727,-100.0,6.817312805,8.855472013,-0.026301647,-41.38269887,-40.0,-2.304498111,0.0,-3.81726499,-6.52173913,95.0,-5.389020629,-21.6176033,-20.0,-0.508513947,-1.140727116,20.68626713,16.71572725,0.954604126,1.562807428,6.4,7.9,60.0,60.0,73.33333588,60.0,60.0,46.66666794,60.0,60.0,26.66666603,20.46089615,22.18734117,15.47844966,27.5,0.151278549,3.107661506,2.501766299,0.505331331,0.415026454,1.121121278,1.976600918,1.705931867,0.841957236,0.624814105,0.044734776,0.014171581,16.40030773,11.96018156,2.837880205,2.409647848,0.310811297,10.28322531,16.07843137,20.43343653,2.858080904,1.997625505,5.378968262,2.623123581,0.210372847,0.172735521,72.83020811,49.79195707,48.56785141,25.0,25.1,3.639172885,3.5758065,20.87274236,26.08395225,1.548947185,2.299455912,10.42694431,10.40064266,3.872979346,2.73225223,41.02250467,35.63348404,3.757710168,3.249196221,6.716805822,7.163474871,761.4471253,642.4874575,755.5875049,750.3186458,5.624116898,5.494242191,7.719608784,6.361932278,0.0,0.0,0.0,7.5,56.0,71.0,0.219173793,0.271477295,153674.9942,131482.373,98565.125,103633.0938,,,,,,,,,,,,,,,1.0,0.0,99.75,108.5833333,0.389543443,0.416099838,1.0,1.0,0.0,0.0,0.5,1.0,54.917,71.944,0.0,1.0,6.5,6.5,25.0,15.0,0.097845443,0.0573544,1.0,1.0,0.00391382,0.00382362,,,,,,,,215.0,230.0,0.873103538,0.839774862,20.0,39.0,5.1,4.1,20.0,16.0,0.078319885,0.061389003,,,,,,,
Napa,29.0,119.0,1816000.0,23723000.0,15.0,13.0,0.113136677,0.093488188,8.0,13.0,,,,,,,,12.1,0.0,6.5,-2.3,-1.0,38.0,44.0,0.27555201,0.310626972,6.0,3.0,1148.0,1379.0,102.0,97.0,1.0,1.0,0.0,0.0,76.0,82.0,0.551104021,0.578895721,6.0,6.0,0.042947333,0.04303636,4.0,3.0,4.0,4.0,4.0,0.0,2.0,2.0,0.0,,13.5,11.2,1.0,0.0,29.0,70.0,0.218730908,0.503397936,22.0,57.0,134.0,150.0,0.971683405,1.058955587,1.0,0.0,,0.0,,0.0,38.0,40.0,0.27555201,0.282388157,65.69816436,3913.987696,2582.586224,-34.0164961,473.4011645,328.7050762,2372.495294,3608.637314,3165.391661,1390.500675,317.3542925,98.62438626,28.55615693,19302.47762,13839.77538,4145.02816,3432.82091,170.1844084,11939.04174,72683.0,1.0,,,,,,,,50533.0,50527.0,381.1423787,363.3598217,1464.0,1454.0,310.3448276,1206.332599,-17.36703702,-13.33333333,62.5,0.608203302,12.72898057,15.78947368,-50.0,20.12195122,-4.901960784,0.0,5.042913711,7.894736842,0.207293406,0.0,130.1448571,141.3793103,159.0909091,8.981544986,11.94029851,-100.0,,,2.480891425,5.263157895,-30.56521597,-12.28290943,-28.30052361,-17.18220535,-1.224105658,-4.665594296,-0.011873429,-0.683060109,14.53114709,-22.58329773,-31.88615417,11.96037388,15.0,-32.69174769,-10.79531097,5.211209895,0.750508727,0.0,5.520097018,6.983240223,-0.026301647,-14.812759,-12.5,94.71369371,100.0,-4.654273489,-59.72222222,159.0909091,-5.389020629,-23.64320374,-21.73913002,-0.508513947,-1.140727116,23.06937077,15.08894816,0.954604126,1.562807428,7.3,8.4,66.66666412,50.0,66.66666412,66.66666412,66.66666412,0.0,33.33333206,33.33333206,0.0,34.90781729,37.5637203,32.24553794,27.5,0.048136166,2.867726397,1.892226359,0.968575916,0.672528595,1.738295547,2.644000259,2.319240102,1.018801233,0.232521242,0.072260768,0.020922714,14.14266699,10.14021818,3.037006653,2.515181933,0.348196269,8.74757608,6.227106227,5.756676558,0.30461594,0.25720558,6.583921925,1.787755341,0.398581519,0.229330911,56.39269072,49.79195707,48.56785141,25.0,25.1,6.800603201,10.52707512,20.87274236,26.08395225,1.548947185,2.299455912,10.42694431,10.40064266,3.872979346,2.73225223,41.02250467,35.63348404,3.757710168,3.249196221,8.658726986,9.916939341,761.4471253,642.4874575,755.5875049,750.3186458,7.518097878,5.820263386,21.38947868,14.5691967,0.0,0.0,0.0,10.1,20.0,23.0,0.145027374,0.16237319,266804.1598,179581.2171,128104.375,114275.1094,,,,,,,,,,,,,,,0.0,0.0,59.66666667,63.83333333,0.429117672,0.452805384,1.0,1.0,0.0,0.0,0.5,1.0,54.917,71.944,0.0,1.0,6.5,6.5,16.0,14.0,0.116021899,0.098835855,1.0,2.0,0.00725137,0.0141194,,,,,,,,29.0,72.0,0.218730908,0.208550574,22.0,57.0,5.1,4.1,23.0,18.0,0.16696915,0.127492294,,,,,,,
San Francisco,0.0,0.0,0.0,0.0,0.0,0.0,0.0,0.0,0.0,0.0,,,,,,,,13.5,0.0,6.5,-2.3,-1.0,110.0,112.0,0.13475537,0.12783885,0.0,0.0,0.0,,0.0,1.0,1.0,1.0,0.0,0.0,753.0,958.0,0.92246176,1.093478735,28.0,28.0,0.033339646,0.031699128,18.0,20.0,22.0,23.0,20.0,22.0,22.0,23.0,3.0,,13.5,11.2,1.0,0.0,0.0,0.0,0.0,0.0,0.0,0.0,1764.0,1917.0,2.160986115,2.188098888,0.0,0.0,0.0,0.0,0.0,0.0,319.0,358.0,0.390790573,0.408627753,1128.057687,6136.100847,933.0654932,-84.79383705,1524.61288,363.303286,848.8212844,11090.35615,2592.475672,738.3759154,805.4307113,45.15235746,71.04923385,26692.3761,4473.702112,2799.630385,138.2628069,215.7105081,1685.636183,90527.0,1.0,,,,,,,,0.0,,0.0,,0.0,2.0,,,,,,0.608203302,-5.13264889,1.818181818,,,,0.0,18.53919394,27.22443559,-4.920619965,0.0,,,,1.254648164,8.673469388,,,,4.564383304,12.22570533,-76.17078467,-76.62405394,-83.23977568,-95.06139069,-1.224105658,,,,,-8.008407593,-20.86341095,19.1946609,27.92792793,4.895999214,27.01721954,5.211209895,0.750508727,0.0,-21.12208056,-15.53476367,-0.026301647,-11.31098478,-4.812834225,-6.826708732,0.0,,,,-5.389020629,-37.69617844,-33.33333206,-0.508513947,-1.140727116,13.35312052,13.64098679,0.954604126,1.562807428,7.9,7.9,64.2857132,71.42857361,78.57142639,82.14286041,71.42857361,78.57142639,78.57142639,82.14286041,10.71428585,49.4277881,47.73044099,15.12279024,27.5,0.140090494,0.762026098,0.11587493,0.440880388,0.105058337,0.105412865,1.37728193,0.321952681,0.091696948,0.100024305,0.005607352,0.008823416,3.314855428,0.555577206,0.347678676,0.017170491,0.062378151,0.209334689,0.0,16.66666667,0.0,,32.99657864,5.809608375,0.227014474,0.388458028,41.90714512,49.79195707,48.56785141,25.0,25.1,10.01680375,9.05613546,20.87274236,26.08395225,1.548947185,2.299455912,10.42694431,10.40064266,3.872979346,2.73225223,41.02250467,35.63348404,3.757710168,3.249196221,0.0,,761.4471253,642.4874575,755.5875049,750.3186458,9.318333626,8.572083473,9.28482151,7.347691059,0.0,0.0,0.0,12.4,111.0,142.0,0.135980419,0.162081399,155486.1251,163098.7246,120212.9453,152691.1406,,,,,,,,,,,,,,,2.0,2.0,516.5833333,436.3333333,0.625507298,0.493387142,1.0,1.0,0.0,0.0,0.5,1.0,54.917,71.944,0.0,1.0,6.5,6.5,187.0,178.0,0.229084129,0.203172458,1.0,1.0,0.00122505,0.00114142,,,,,,,,0.0,0.0,0.0,0.0,0.0,0.0,5.1,4.1,63.0,42.0,0.077236459,0.048121266,,,,,,,
San Mateo,7.0,8.0,977000.0,520000.0,,39.0,,0.052656806,7.0,24.0,,,,,,,,9.7,0.0,6.5,-2.3,-1.0,143.0,148.0,0.196153203,0.192317438,3.0,8.0,988.0,1098.0,37.0,66.0,1.0,1.0,0.0,0.0,501.0,593.0,0.687222059,0.770569195,23.0,23.0,0.030707078,0.029887792,12.0,15.0,13.0,17.0,13.0,15.0,13.0,14.0,4.0,,13.5,11.2,0.0,0.0,,1224.0,,1.6526136,32.0,61.0,742.0,828.0,1.017801932,1.0759381,6.0,18.0,,192200.0,,259.5035408,168.0,182.0,0.23044572,0.236498471,668.7665624,19144.30516,15669.81689,-18.14893903,843.9997143,852.2511682,7477.244032,11018.9752,7901.560519,5913.974154,13286.69962,206.4974801,239.0014447,82647.01348,69488.54731,12313.04546,10981.35162,232.2133135,49173.60802,101133.0,1.0,,,,,,,,394.0,217.0,0.567846895,0.292987869,36.0,56.0,14.28571429,-46.77584442,,,242.8571429,0.608203302,-1.955494143,3.496503497,166.6666667,11.13360324,78.37837838,0.0,12.12812284,18.36327345,-2.668070078,0.0,,,90.625,5.711933339,11.5902965,200.0,,,2.626540759,8.333333333,0.977660746,-28.29133042,-15.92128453,-10.81530836,-1.224105658,-48.40372089,-44.92385787,55.55555556,4.111874749,-16.23447037,-35.00811386,-3.463385835,1.904761905,-22.6605149,-20.74710274,5.211209895,0.750508727,-100.0,-0.830036827,3.475670308,-0.026301647,-19.01925568,-14.51612903,-5.26780853,0.0,-6.318276637,37.80487805,90.625,-5.389020629,-17.99431038,-13.51351357,-0.508513947,-1.140727116,22.238399,13.39854771,0.954604126,1.562807428,6.8,8.3,52.17391205,65.21739197,56.52173996,73.91304016,56.52173996,65.21739197,56.52173996,60.86956406,17.39130402,29.45884062,26.62611482,25.4021499,27.5,0.093084506,2.664664001,2.181055756,0.327338479,0.330538739,1.040745163,1.533712835,1.099805069,0.823156228,1.849353625,0.028742041,0.033266214,11.50350037,9.671995349,1.713832322,1.528476072,0.09006206,6.844392731,11.24620061,19.76047904,0.728882331,1.446850005,24.4879609,2.61159077,0.156586879,1.375737524,42.25883185,49.79195707,48.56785141,25.0,25.1,6.568547588,6.236690632,20.87274236,26.08395225,1.548947185,2.299455912,10.42694431,10.40064266,3.872979346,2.73225223,41.02250467,35.63348404,3.757710168,3.249196221,1.423940944,1.482491612,761.4471253,642.4874575,755.5875049,750.3186458,5.429509163,4.548057079,14.78679943,9.610219955,0.0,0.0,0.0,8.4,105.0,107.0,0.144028575,0.13904031,205571.8435,158988.2053,145550.8594,115353.2734,,,,,,,,,,,,,,,1.0,0.0,251.75,260.5,0.340519754,0.337693315,1.0,1.0,0.0,0.0,0.5,1.0,54.917,71.944,0.0,1.0,6.5,6.5,62.0,53.0,0.085045444,0.068870434,4.0,4.0,0.0054868,0.00519777,,,,,,,,1808.0,1312.0,2.605754278,2.441115514,32.0,61.0,5.1,4.1,74.0,64.0,0.101591974,0.0833112,,,,,,,
Santa Clara,17.0,57.0,1091000.0,642000.0,94.0,96.0,0.054905708,0.052136567,13.0,30.0,,,,,,,,9.0,0.0,6.5,-2.3,-1.0,325.0,364.0,0.179180643,0.188447252,5.0,23.0,1943.0,3598.0,112.0,184.0,1.0,1.0,0.0,0.0,1288.0,1544.0,0.71010667,0.799347683,38.0,39.0,0.020350216,0.020128304,26.0,33.0,27.0,34.0,27.0,17.0,24.0,29.0,8.0,,13.5,11.2,1.0,0.0,10191.0,8683.0,5.952596514,4.715643903,82.0,200.0,1555.0,1712.0,0.85731046,0.886323337,3.0,17.0,124000.0,4508936.0,72.42880657,2448.754642,326.0,348.0,0.179731968,0.180163856,2943.238163,42049.96869,31894.8316,-24.15016563,2018.811632,1699.669804,23730.41899,22555.76582,17684.3415,16251.04071,41894.60053,688.5499927,390.9904788,170081.0913,132928.1611,21459.37294,18408.38603,1045.553029,70759.74117,102191.0,1.0,,,,,,,,4228.0,3598.0,2.469588663,1.954035099,395.0,366.0,235.2941176,-41.15490376,-5.043447948,2.127659574,130.7692308,0.608203302,5.171657326,12.0,360.0,85.17756047,64.28571429,0.0,12.56726855,19.8757764,-1.090464234,2.631578922,-20.78005133,-14.79737023,143.902439,3.384173945,10.09646302,466.6666667,3280.912593,3536.23871,0.240295655,6.748466258,-15.8084005,-21.59724638,-21.84424497,-14.21750262,-1.224105658,-20.87609049,-14.90066225,-7.341772152,72.17493021,-21.83093452,-28.16597176,22.40127141,30.34825871,-26.24704941,-14.54405785,5.211209895,0.750508727,50.0,-1.802791328,3.575945728,-0.026301647,-8.183473763,-2.222222222,14.7706578,22.22222222,-7.021709449,3.204557593,119.7802198,-5.389020629,-15.9402771,-10.49382687,-0.508513947,-1.140727116,24.10950124,11.05407259,0.954604126,1.562807428,7.4,8.4,66.66666412,84.61538696,69.2307663,87.17948914,69.2307663,43.58974457,61.53845978,74.35897064,20.5128212,31.13185874,30.5436536,26.89709829,27.5,0.165198068,2.360180591,1.790193069,0.334127485,0.281307274,1.331940928,1.266009996,0.992586698,0.912138393,2.351460088,0.038646933,0.021945513,9.546311286,7.460991664,1.204471658,1.033225869,0.17304636,3.971602666,10.48689139,18.3449651,0.82355983,1.47562431,31.73847496,2.375954316,0.226869371,0.350912248,35.18714759,49.79195707,48.56785141,25.0,25.1,6.226296423,6.971583734,20.87274236,26.08395225,1.548947185,2.299455912,10.42694431,10.40064266,3.872979346,2.73225223,41.02250467,35.63348404,3.757710168,3.249196221,1.134912671,1.954035099,761.4471253,642.4874575,755.5875049,750.3186458,8.456949234,6.61071825,14.30636501,10.2768383,0.0,0.0,0.0,8.3,201.0,262.0,0.110816336,0.135640604,261648.4981,192973.4875,160034.0,136758.5625,,,,,,,,,,,,,,,2.0,3.0,724.75,750.6666667,0.39442091,0.387310324,1.0,1.0,0.0,0.0,0.5,1.0,54.917,71.944,0.0,1.0,6.5,6.5,135.0,132.0,0.074428882,0.068338014,9.0,11.0,0.00496193,0.00569483,,,,,,,,11594.0,11234.0,6.772093414,6.296576691,91.0,200.0,5.1,4.1,162.0,145.0,0.089395784,0.075145848,,,,,,,
Solano,13.0,44.0,1742000.0,1557000.0,26.0,35.0,0.063687559,0.083261966,10.0,6.0,,,,,,,,15.8,0.0,6.5,-2.3,-1.0,117.0,113.0,0.280809885,0.256632706,18.0,25.0,1337.0,2701.0,70.0,110.0,1.0,1.0,0.0,0.0,270.0,290.0,0.64802281,0.65861491,6.0,5.0,0.014159326,0.01119545,3.0,4.0,5.0,5.0,4.0,0.0,5.0,5.0,0.0,,13.5,11.2,0.0,0.0,1602.0,1917.0,3.924133421,4.56037682,31.0,50.0,243.0,265.0,0.583220529,0.601837763,2.0,1.0,,,,,70.0,72.0,0.168005914,0.163518185,11288.52709,22479.4374,18032.36639,-19.78283942,1530.561709,1225.18644,13300.43273,16815.79444,13981.21596,10352.88358,12806.07059,442.2600629,610.2093006,92519.68407,72338.64563,9682.553489,6829.765204,1623.271893,36838.695,67202.0,1.0,,,,,,,,18264.0,19869.0,44.73806042,47.2666286,308.0,318.0,238.4615385,-10.61997704,30.73505676,34.61538462,-40.0,0.608203302,-8.609803102,-3.418803419,38.88888889,102.0194465,57.14285714,0.0,1.634525754,7.407407407,-20.93232155,-16.66666603,16.21360263,19.66292135,61.29032258,3.192143007,9.053497942,-50.0,,,-2.671173366,2.857142857,-19.95184301,-16.85664324,-21.8126971,-29.46318126,-1.224105658,5.651939669,8.787779238,3.246753247,96.19617686,-10.73948383,-14.69456291,19.5266292,26.31578947,-15.47036037,-11.89790821,5.211209895,0.750508727,0.0,-1.990133246,3.763643207,-0.026301647,12.14844221,18.51851852,51.40039699,60.0,-2.882529261,-8.510958801,34.0,-5.389020629,-3.174341202,2.173913002,-0.508513947,-1.140727116,24.56428544,11.33365913,0.954604126,1.562807428,9.9,9.8,60.0,80.0,100.0,100.0,80.0,0.0,100.0,100.0,0.0,37.18403206,43.78819998,24.03712162,27.5,2.731024785,5.438433217,4.362556706,1.079700411,0.86428028,3.217763589,4.068232377,3.382464959,2.504665262,3.098162933,0.106995641,0.147627473,22.3832169,17.5008336,2.342492812,1.652319909,1.14510073,8.912357504,7.865168539,12.79069767,0.547289138,0.878608279,14.28035728,14.21164938,0.450956104,0.784576527,40.79604397,49.79195707,48.56785141,25.0,25.1,7.301171393,7.422594272,20.87274236,26.08395225,1.548947185,2.299455912,10.42694431,10.40064266,3.872979346,2.73225223,41.02250467,35.63348404,3.757710168,3.249196221,3.275010227,6.425444857,761.4471253,642.4874575,755.5875049,750.3186458,14.41940498,12.8708353,17.12864304,14.61166382,0.0,0.0,0.0,12.0,38.0,48.0,0.09120321,0.109012123,325855.1553,275444.1885,155016.0938,136572.4219,,,,,,,,,,,,,,,3.0,3.0,221.4166667,229.75,0.526234065,0.515761306,1.0,1.0,0.0,0.0,0.5,1.0,54.917,71.944,0.0,1.0,6.5,6.5,27.0,32.0,0.064802281,0.072674749,5.0,8.0,0.0120004,0.0181687,,,,,,,,12147.0,13277.0,29.75433749,28.89666001,50.0,67.0,5.1,4.1,46.0,47.0,0.11049591,0.106988393,,,,,,,
Sonoma,46.0,135.0,1934000.0,3894000.0,125.0,159.0,0.267462063,0.323996528,58.0,97.0,,,,,,,,14.0,0.0,6.5,-2.3,-1.0,128.0,144.0,0.26239079,0.285808988,44.0,75.0,4803.0,8153.0,362.0,499.0,1.0,1.0,3.0,3.0,273.0,291.0,0.559630357,0.577572331,21.0,25.0,0.042489219,0.050005801,16.0,17.0,18.0,17.0,16.0,14.0,17.0,14.0,8.0,1.0,13.5,11.2,1.0,0.0,,1100.0,,2.241485412,172.0,330.0,488.0,523.0,1.000364887,1.038042367,13.0,32.0,26900.0,87846.0,57.557836,179.005025,134.0,140.0,0.274690358,0.27786985,872.2426839,16310.56807,15172.55166,-6.977172166,1890.809576,1902.018993,15689.84626,18498.80822,19423.50669,9970.855254,2732.030261,870.9023305,160.6753352,79444.08975,74693.73384,13099.98653,12120.38194,1424.313354,60087.02798,66463.0,1.0,,,,,,,,68425.0,66107.0,146.4087334,134.7071601,2061.0,2029.0,193.4782609,101.344364,21.13737697,27.2,67.24137931,0.608203302,8.924931475,12.5,70.45454545,69.74807412,37.84530387,0.0,3.206040079,6.593406593,17.69056129,19.04761887,,,91.86046512,3.766373701,7.172131148,146.1538462,211.0002694,226.5650558,1.157481967,4.47761194,0.592836888,4.998692107,-5.979495672,-7.477905357,-1.224105658,-7.992401133,-3.387650712,-1.552644347,61.65751922,-19.33333969,-26.17736816,15.18498501,18.96551724,-25.60514898,-5.764910221,5.211209895,0.750508727,-37.5,3.635990769,6.246334311,-0.026301647,9.52014968,13.1147541,-3.177838689,0.0,-4.766213072,-18.01962533,91.86046512,-5.389020629,-21.66120911,-19.11764717,-0.508513947,-1.140727116,22.00368688,13.921691,0.954604126,1.562807428,6.6,7.9,64.0,68.0,72.0,68.0,64.0,56.0,68.0,56.0,32.0,34.99058272,35.49957754,24.88850495,27.5,0.180260868,3.370801746,3.135615105,1.017521634,1.023553877,3.242521103,3.823031471,4.014133044,2.060613472,0.564611382,0.179983866,0.033205753,16.4182066,15.43648065,2.707291204,2.50484253,0.766481019,12.41780531,10.55701371,13.94244202,0.74168557,0.836726044,3.67385994,1.398906336,0.740682569,0.296355693,66.13795213,49.79195707,48.56785141,25.0,25.1,7.850128679,8.685503158,20.87274236,26.08395225,1.548947185,2.299455912,10.42694431,10.40064266,3.872979346,2.73225223,41.02250467,35.63348404,3.757710168,3.249196221,10.27696232,16.61348233,761.4471253,642.4874575,755.5875049,750.3186458,10.27716637,8.290246964,16.79644012,12.39957428,0.0,0.0,0.0,11.0,58.0,69.0,0.118895827,0.13695014,214563.8363,159624.4464,120396.6328,113455.875,,,,,,,,,,,,,,,8.0,5.0,284.1666667,301.9166667,0.577775338,0.598783196,1.0,1.0,0.0,0.0,0.5,1.0,54.917,71.944,0.0,1.0,6.5,6.5,61.0,69.0,0.125045611,0.13695014,2.0,2.0,0.00409986,0.00396957,,,,,,,,919.0,1121.0,1.966381089,1.872659176,172.0,330.0,5.1,4.1,68.0,55.0,0.139509216,0.109289832,,,,,,,
